INSERT INTO rooms (id, name, capacity, inserted_at, updated_at) VALUES ('e717ed70-0853-4be6-be66-3a7b34d377d9', '105', 80, '2022-09-19T10:07:16', '2022-09-19T10:07:16');
INSERT INTO rooms (id, name, capacity, inserted_at, updated_at) VALUES ('6782c735-c1a7-41a5-bf62-147db2c2241b', '107', 65, '2022-09-19T10:07:16', '2022-09-19T10:07:16');
INSERT INTO rooms (id, name, capacity, inserted_at, updated_at) VALUES ('fae425c6-8186-4308-ac25-264c9c02894f', '108', 65, '2022-09-19T10:07:16', '2022-09-19T10:07:16');
INSERT INTO rooms (id, name, capacity, inserted_at, updated_at) VALUES ('5db6f03b-1966-4b4e-90c2-7b9a672bf725', '203', 65, '2022-09-19T10:07:16', '2022-09-19T10:07:16');
INSERT INTO rooms (id, name, capacity, inserted_at, updated_at) VALUES ('20a26a07-dd61-466e-a42f-acae010b9066', '204', 65, '2022-09-19T10:07:16', '2022-09-19T10:07:16');
INSERT INTO rooms (id, name, capacity, inserted_at, updated_at) VALUES ('e8505c68-ab4d-4587-b0b2-fe19658e5faa', '206', 65, '2022-09-19T10:07:16', '2022-09-19T10:07:16');

INSERT INTO timeblocks (id, block_start, block_end, inserted_at, updated_at) VALUES ('72a7ae49-e484-4c59-b49d-53eb75decdae', '08:30:00', '09:30:00', '2022-09-19T10:07:16', '2022-09-19T10:07:16');
INSERT INTO timeblocks (id, block_start, block_end, inserted_at, updated_at) VALUES ('59d0116e-8d64-4637-9d3e-02f7b9ac1d0c', '10:00:00', '11:00:00', '2022-09-19T10:07:16', '2022-09-19T10:07:16');
INSERT INTO timeblocks (id, block_start, block_end, inserted_at, updated_at) VALUES ('aeb50d74-f284-4368-be97-6108b481e86a', '11:30:00', '12:30:00', '2022-09-19T10:07:16', '2022-09-19T10:07:16');
INSERT INTO timeblocks (id, block_start, block_end, inserted_at, updated_at) VALUES ('8ae9f825-6673-4edb-8850-190ac4ba242d', '13:00:00', '14:00:00', '2022-09-19T10:07:16', '2022-09-19T10:07:16');

INSERT INTO presentations (id, presenter, description, room_id, timeblock_id, inserted_at, updated_at) VALUES ('9401343f-a6e5-438f-a485-a4372c2cfb1d', 'Václav Moravec', 'Jaká je role médií v dnešní společnosti?', 'e717ed70-0853-4be6-be66-3a7b34d377d9', '72a7ae49-e484-4c59-b49d-53eb75decdae', '2022-09-19T10:07:16', '2022-09-19T10:07:16');
INSERT INTO presentations (id, presenter, description, room_id, timeblock_id, inserted_at, updated_at) VALUES ('fba09e26-8d22-4e41-96ec-7b3222f3af3c', 'Marek Škarpa', 'FAKE IT, TILL YOU MAKE IT (nebo taky ne)', '6782c735-c1a7-41a5-bf62-147db2c2241b', '72a7ae49-e484-4c59-b49d-53eb75decdae', '2022-09-19T10:07:16', '2022-09-19T10:07:16');
INSERT INTO presentations (id, presenter, description, room_id, timeblock_id, inserted_at, updated_at) VALUES ('9a420a3e-3b1b-420c-b786-08c5e645c139', 'Pavel Kraemer', 'Známky z pohledu matematika a zdravého rozumu', 'fae425c6-8186-4308-ac25-264c9c02894f', '72a7ae49-e484-4c59-b49d-53eb75decdae', '2022-09-19T10:07:16', '2022-09-19T10:07:16');
INSERT INTO presentations (id, presenter, description, room_id, timeblock_id, inserted_at, updated_at) VALUES ('f9a96c1e-ff9e-4875-8230-afdb9431f47e', 'Marie Šabacká', 'Jaká tajemství skrývají ledovce?', '5db6f03b-1966-4b4e-90c2-7b9a672bf725', '72a7ae49-e484-4c59-b49d-53eb75decdae', '2022-09-19T10:07:16', '2022-09-19T10:07:16');
INSERT INTO presentations (id, presenter, description, room_id, timeblock_id, inserted_at, updated_at) VALUES ('99226787-e96f-4ecd-87ad-9f91794a286e', 'Václav Škarda', 'O povolání architekta', '20a26a07-dd61-466e-a42f-acae010b9066', '72a7ae49-e484-4c59-b49d-53eb75decdae', '2022-09-19T10:07:16', '2022-09-19T10:07:16');
INSERT INTO presentations (id, presenter, description, room_id, timeblock_id, inserted_at, updated_at) VALUES ('2029ee44-57d8-4c1c-aec7-333be24e47ff', 'Pavel Kohout', 'Aplikovaná fyzika', 'e8505c68-ab4d-4587-b0b2-fe19658e5faa', '72a7ae49-e484-4c59-b49d-53eb75decdae', '2022-09-19T10:07:16', '2022-09-19T10:07:16');

INSERT INTO presentations (id, presenter, description, room_id, timeblock_id, inserted_at, updated_at) VALUES ('799c30fb-8782-4b19-8574-4848b1e9bbf6', 'Pavel Kolář', 'Pohybový systém v medicíně, ve sportu a životě.', 'e717ed70-0853-4be6-be66-3a7b34d377d9', '59d0116e-8d64-4637-9d3e-02f7b9ac1d0c', '2022-09-19T10:07:16', '2022-09-19T10:07:16');
INSERT INTO presentations (id, presenter, description, room_id, timeblock_id, inserted_at, updated_at) VALUES ('8473c8ee-95eb-41fa-acc4-8ff33bbe4860', 'Rostislav Vyhnálek', 'Příběh vozíčkáře', '6782c735-c1a7-41a5-bf62-147db2c2241b', '59d0116e-8d64-4637-9d3e-02f7b9ac1d0c', '2022-09-19T10:07:16', '2022-09-19T10:07:16');
INSERT INTO presentations (id, presenter, description, room_id, timeblock_id, inserted_at, updated_at) VALUES ('9e434a7c-bbff-458a-82a3-4dd61d6b3100', 'Jakub Hort', 'Paměť a Alzheimerova choroba', 'fae425c6-8186-4308-ac25-264c9c02894f', '59d0116e-8d64-4637-9d3e-02f7b9ac1d0c', '2022-09-19T10:07:16', '2022-09-19T10:07:16');
INSERT INTO presentations (id, presenter, description, room_id, timeblock_id, inserted_at, updated_at) VALUES ('b1727d3d-950c-42c6-bbed-acf204306299', 'Dominik Stroukal', 'Ve volbách nic nezměníte, naučte se sledovat centrální banky', '5db6f03b-1966-4b4e-90c2-7b9a672bf725', '59d0116e-8d64-4637-9d3e-02f7b9ac1d0c', '2022-09-19T10:07:16', '2022-09-19T10:07:16');
INSERT INTO presentations (id, presenter, description, room_id, timeblock_id, inserted_at, updated_at) VALUES ('c872764d-8871-4490-b8ee-8d5c97d19b31', 'Renata Landgráfová', 'Z chrámových papyrů na stěny hrobek: tajemství Iufaovy hrobky Abúsíru.', '20a26a07-dd61-466e-a42f-acae010b9066', '59d0116e-8d64-4637-9d3e-02f7b9ac1d0c', '2022-09-19T10:07:16', '2022-09-19T10:07:16');
INSERT INTO presentations (id, presenter, description, room_id, timeblock_id, inserted_at, updated_at) VALUES ('67e8d2de-6947-464b-b604-5e4a4dfa7f75', 'Michael Romancov', 'Rusko v mezinárodních vztazích, aneb proč Rusku nerozumíme?', 'e8505c68-ab4d-4587-b0b2-fe19658e5faa', '59d0116e-8d64-4637-9d3e-02f7b9ac1d0c', '2022-09-19T10:07:16', '2022-09-19T10:07:16');

INSERT INTO presentations (id, presenter, description, room_id, timeblock_id, inserted_at, updated_at) VALUES ('ebbe60a1-d03d-4bd0-ad4e-67742c6e669b', 'Marek Vácha', 'Biologie lásky - Úvod do evoluční psychologie', 'e717ed70-0853-4be6-be66-3a7b34d377d9', 'aeb50d74-f284-4368-be97-6108b481e86a', '2022-09-19T10:07:16', '2022-09-19T10:07:16');
INSERT INTO presentations (id, presenter, description, room_id, timeblock_id, inserted_at, updated_at) VALUES ('703e54ed-bf39-4621-8c75-2f4900bb3a82', 'Ondřej Hlaváč a Jakub Lhota', 'Podnikání z lavice?', '6782c735-c1a7-41a5-bf62-147db2c2241b', 'aeb50d74-f284-4368-be97-6108b481e86a', '2022-09-19T10:07:16', '2022-09-19T10:07:16');
INSERT INTO presentations (id, presenter, description, room_id, timeblock_id, inserted_at, updated_at) VALUES ('1a4d0c9b-12a3-40e9-91c3-520f01d34e8d', 'Ondřej Boháč', 'Praha – hlavní město Hondurasu', 'fae425c6-8186-4308-ac25-264c9c02894f', 'aeb50d74-f284-4368-be97-6108b481e86a', '2022-09-19T10:07:16', '2022-09-19T10:07:16');
INSERT INTO presentations (id, presenter, description, room_id, timeblock_id, inserted_at, updated_at) VALUES ('ea1e2ab1-28b0-44cb-b3fe-2ac5716ecde3', 'Lucie Hrdličková', 'Chtěli byste rozhodovat o tom, jak bude závěr vašeho života vypadat?', '5db6f03b-1966-4b4e-90c2-7b9a672bf725', 'aeb50d74-f284-4368-be97-6108b481e86a', '2022-09-19T10:07:16', '2022-09-19T10:07:16');
INSERT INTO presentations (id, presenter, description, room_id, timeblock_id, capacity, inserted_at, updated_at) VALUES ('6c88df7e-4047-4f8f-a081-92adb13ba3bb', 'Richard Smejkal', 'Existuje právo ve válce?', '20a26a07-dd61-466e-a42f-acae010b9066', 'aeb50d74-f284-4368-be97-6108b481e86a', 45, '2022-09-19T10:07:16', '2022-09-19T10:07:16');
INSERT INTO presentations (id, presenter, description, room_id, timeblock_id, inserted_at, updated_at) VALUES ('967e2aae-11e6-4b76-b505-38d015f8ef9c', 'SKUTR', 'Martin Kukučka a Lukáš Trpišovský', 'e8505c68-ab4d-4587-b0b2-fe19658e5faa', 'aeb50d74-f284-4368-be97-6108b481e86a', '2022-09-19T10:07:16', '2022-09-19T10:07:16');

INSERT INTO presentations (id, presenter, description, room_id, timeblock_id, inserted_at, updated_at) VALUES ('0c5e340a-581f-4f3e-b2e1-8c99cc0fbbcc', 'Linda Bartošová', 'Ženy v médiích', 'e717ed70-0853-4be6-be66-3a7b34d377d9', '8ae9f825-6673-4edb-8850-190ac4ba242d', '2022-09-19T10:07:16', '2022-09-19T10:07:16');
INSERT INTO presentations (id, presenter, description, room_id, timeblock_id, inserted_at, updated_at) VALUES ('53e63a33-9acf-4bad-bf38-dfb6f3ef3bd9', 'Jan Novák', 'Dobrodružství moderní kosmologie', '6782c735-c1a7-41a5-bf62-147db2c2241b', '8ae9f825-6673-4edb-8850-190ac4ba242d', '2022-09-19T10:07:16', '2022-09-19T10:07:16');
INSERT INTO presentations (id, presenter, description, room_id, timeblock_id, inserted_at, updated_at) VALUES ('db9da8af-9d5c-4826-93e3-8b8ef0472fb3', 'Petros Michopulos a Bohumil Pečinka', 'Podcast Kecy a Politika', 'fae425c6-8186-4308-ac25-264c9c02894f', '8ae9f825-6673-4edb-8850-190ac4ba242d', '2022-09-19T10:07:16', '2022-09-19T10:07:16');
INSERT INTO presentations (id, presenter, description, room_id, timeblock_id, inserted_at, updated_at) VALUES ('2c17e58e-1d10-4ca3-8cec-2af13d1a5021', 'Martin Lepšík', 'Jak vznikají nové léky?', '5db6f03b-1966-4b4e-90c2-7b9a672bf725', '8ae9f825-6673-4edb-8850-190ac4ba242d', '2022-09-19T10:07:16', '2022-09-19T10:07:16');
INSERT INTO presentations (id, presenter, description, room_id, timeblock_id, inserted_at, updated_at) VALUES ('4a3129a9-d693-48a0-9ab2-a2b6155caef2', 'Vlastislav Bříza', 'Jaderné soupeření supervelmocí', '20a26a07-dd61-466e-a42f-acae010b9066', '8ae9f825-6673-4edb-8850-190ac4ba242d', '2022-09-19T10:07:16', '2022-09-19T10:07:16');
INSERT INTO presentations (id, presenter, description, room_id, timeblock_id, inserted_at, updated_at) VALUES ('c03fc355-03a7-4322-8d5c-90b854b7cd93', 'Radek Špíšek', 'Využití imunitního systému v boji proti nádorům', 'e8505c68-ab4d-4587-b0b2-fe19658e5faa', '8ae9f825-6673-4edb-8850-190ac4ba242d', '2022-09-19T10:07:16', '2022-09-19T10:07:16');
